Data,Open,Hight,Low,Close,Ticks,Volume
2015.02.02,2696,2750,2687,2746,29073,50407
2015.02.03,2736,2740,2707,2714,37194,65844
2015.02.04,2723,2767,2712,2760,30108,53285
2015.02.05,2748,2779,2739,2761,31759,56231
2015.02.06,2759,2800,2757,2796,34462,62485
2015.02.09,2801,2812,2784,2788,28469,49348
2015.02.10,2792,2853,2791,2844,37183,72545
2015.02.11,2860,2895,2859,2881,44187,82362
2015.02.12,2872,2890,2828,2828,42175,77107
2015.02.13,2841,2869,2825,2847,33474,58929
2015.02.18,2852,2860,2836,2845,15870,27516
2015.02.19,2851,2877,2846,2876,28777,52423
2015.02.20,2870,2892,2861,2876,32100,57938
2015.02.23,2892,2909,2868,2884,32459,60033
2015.02.24,2884,2895,2829,2830,37945,69458
2015.02.25,2860,2888,2843,2874,40014,74871
2015.02.26,2860,2910,2843,2907,49480,93715
2015.02.27,2930,2948,2864,2866,52059,90854
2015.03.02,2889,2924,2879,2921,34886,63028
2015.03.03,2924,2961,2917,2957,43586,79690
2015.03.04,2993,3025,2975,3004,52752,104604
2015.03.05,3006,3047,3003,3028,53202,101224
2015.03.06,3034,3097,3007,3088,65443,125356
2015.03.09,3083,3155,3080,3145,57467,109516
2015.03.10,3189,3195,3110,3123,75184,126608
2015.03.11,3115,3160,3103,3147,77864,136800
2015.03.12,3115,3190,3094,3184,60159,111570
2015.03.13,3222,3297,3198,3267,93886,158983
2015.03.16,3278,3279,3222,3260,64649,109976
2015.03.17,3259,3299,3239,3254,72844,129852
2015.03.18,3248,3293,3203,3225,82617,146052
2015.03.19,3251,3318,3248,3306,81922,142981
2015.03.20,3292,3328,3211,3240,84780,151578
2015.03.23,3224,3233,3139,3146,71373,125374
2015.03.24,3126,3180,3099,3147,89861,161921
2015.03.25,3180,3210,3122,3209,86117,145753
2015.03.26,3216,3228,3177,3186,92617,158818
2015.03.27,3190,3253,3182,3252,69593,115502
2015.03.30,3270,3292,3209,3229,71537,118209
2015.03.31,3279,3294,3190,3221,80227,143137
2015.04.01,3194,3218,3157,3191,76356,125881
2015.04.02,3191,3210,3142,3155,72083,116686
2015.04.06,3110,3152,3106,3150,52350,90474
2015.04.07,3150,3169,3131,3150,63548,115006
2015.04.08,3136,3136,3063,3063,74391,131908
2015.04.09,3057,3094,3042,3076,75457,126785
2015.04.10,3091,3113,3088,3098,63485,106205
2015.04.13,3113,3146,3102,3144,63155,105763
2015.04.14,3132,3137,3072,3078,62892,106593
2015.04.15,3095,3109,3040,3043,74852,128529
2015.04.16,3020,3055,3011,3035,73386,127399
2015.04.17,3028,3083,3016,3057,77353,135466
2015.04.20,3065,3069,3032,3044,60542,105064
2015.04.22,3038,3045,3005,3020,54750,92572
2015.04.23,3013,3039,2975,2976,64992,112053
2015.04.24,2979,2996,2956,2957,52445,90225
2015.04.27,2952,2965,2905,2921,59180,102873
2015.04.28,2903,2947,2885,2939,64831,109474
2015.04.29,2954,2967,2916,2960,90972,168751
2015.04.30,2970,3049,2970,3044,80950,140041
2015.05.04,3104,3125,3087,3115,54099,92865
2015.05.05,3110,3119,3071,3084,68440,115276
2015.05.06,3097,3102,3051,3059,64537,116614
2015.05.07,3059,3087,3039,3051,70441,121681
2015.05.08,3048,3067,2994,2994,67822,119513
2015.05.11,3002,3084,2995,3081,66066,118724
2015.05.12,3075,3097,3032,3038,68084,119754
2015.05.13,3029,3062,3000,3058,70094,126478
2015.05.14,3058,3060,3006,3007,66398,120106
2015.05.15,3020,3030,2985,3011,57602,102071
2015.05.18,3020,3043,3008,3018,51820,91851
2015.05.19,3030,3057,3016,3053,61471,110949
2015.05.20,3054,3056,3009,3012,68357,119454
2015.05.21,3014,3055,3008,3046,55761,96697
2015.05.22,3046,3106,3040,3101,53395,97857
2015.05.25,3118,3140,3102,3104,32361,55771
2015.05.26,3122,3161,3117,3160,58188,102577
2015.05.27,3156,3189,3142,3144,66949,114039
2015.05.28,3158,3193,3152,3166,81082,149461
2015.05.29,3195,3228,3170,3214,68129,113160
2015.06.01,3230,3246,3191,3196,61608,101237
2015.06.02,3183,3191,3157,3161,61598,106157
2015.06.03,3165,3175,3133,3162,62868,116878
2015.06.05,3175,3215,3127,3171,67008,122495
2015.06.08,3167,3168,3133,3137,55276,98616
2015.06.09,3133,3141,3115,3121,53372,94020
2015.06.10,3100,3141,3085,3140,63818,121218
2015.06.11,3175,3191,3106,3109,74273,142236
2015.06.12,3124,3148,3112,3140,62273,110196
2015.06.15,3149,3156,3112,3145,55799,97255
2015.06.16,3150,3157,3102,3104,57895,101089
2015.06.17,3111,3119,3065,3071,73128,139203
2015.06.18,3065,3077,3043,3072,63605,115517
2015.06.19,3084,3114,3067,3108,58636,105003
2015.06.22,3106,3109,3077,3088,51343,94308
2015.06.23,3101,3124,3081,3081,62446,121398
2015.06.24,3078,3109,3071,3104,55292,108520
2015.06.25,3102,3138,3087,3132,74134,145362
2015.06.26,3146,3148,3121,3130,56801,104927
2015.06.29,3148,3154,3108,3118,66089,126621
2015.06.30,3161,3162,3123,3137,63404,124865
2015.07.01,3140,3185,3133,3182,54678,105152
2015.07.02,3189,3191,3126,3131,56364,108534
2015.07.03,3144,3174,3139,3163,33545,69300
2015.07.06,3182,3185,3160,3168,51566,96868
2015.07.07,3183,3229,3183,3216,68972,136705
2015.07.08,3218,3270,3216,3263,71575,138504
2015.07.10,3218,3227,3181,3181,60228,115459
2015.07.13,3189,3200,3152,3158,61641,114623
2015.07.14,3150,3163,3135,3159,51145,102908
2015.07.15,3158,3184,3148,3159,62716,125233
2015.07.16,3165,3179,3146,3176,63936,127774
2015.07.17,3170,3219,3168,3206,65252,130342
2015.07.20,3214,3239,3204,3209,62750,126874
2015.07.21,3202,3214,3176,3185,63703,128046
2015.07.22,3205,3246,3196,3234,63641,135442
2015.07.23,3259,3309,3257,3294,89093,199153
2015.07.24,3332,3365,3319,3363,81670,177159
2015.07.27,3376,3389,3353,3371,66545,147979
2015.07.28,3353,3452,3349,3358,98242,234997
2015.07.29,3352,3375,3317,3333,86376,201936
2015.07.30,3351,3387,3343,3377,73499,173488
2015.07.31,3423,3467,3371,3459,82247,173701
2015.08.03,3487,3495,3466,3485,57689,137269
2015.08.04,3469,3520,3462,3503,91075,213357
2015.08.05,3512,3529,3482,3517,70799,161015
2015.08.06,3528,3599,3521,3567,111285,253216
2015.08.07,3531,3595,3518,3535,104922,231680
2015.08.10,3552,3553,3457,3460,80881,191245
2015.08.11,3480,3544,3471,3505,86217,195564
2015.08.12,3486,3527,3469,3507,92866,195271
2015.08.13,3501,3550,3501,3541,83379,181462
2015.08.14,3533,3538,3480,3505,72079,169409
2015.08.17,3519,3523,3479,3499,66488,140027
2015.08.18,3508,3519,3471,3482,66974,144268
2015.08.19,3487,3529,3473,3507,97024,206303
2015.08.20,3528,3532,3461,3472,80150,168425
2015.08.21,3475,3519,3469,3514,88305,186227
2015.08.24,3561,3589,3537,3565,121691,245991
2015.08.25,3532,3625,3524,3625,91302,193389
2015.08.26,3612,3662,3593,3603,111388,221019
2015.08.27,3582,3601,3545,3552,107170,219761
2015.08.28,3578,3602,3546,3580,100999,202653
2015.08.31,3642,3723,3642,3664,97631,190066
2015.09.01,3687,3742,3676,3738,112430,220514
2015.09.02,3744,3808,3730,3798,117355,239410
2015.09.03,3815,3850,3768,3776,149784,291916
2015.09.04,3789,3894,3782,3880,115092,220207
2015.09.08,3837,3859,3809,3849,86279,168048
2015.09.09,3848,3848,3796,3806,93710,191560
2015.09.10,3932,3941,3856,3878,118560,233476
2015.09.11,3873,3919,3846,3898,98173,208574
2015.09.14,3890,3916,3829,3840,120096,253146
2015.09.15,3849,3905,3845,3887,90716,191554
2015.09.16,3886,3890,3838,3846,88411,183493
2015.09.17,3880,3926,3851,3919,115914,248835
2015.09.18,3882,3977,3878,3960,119855,257021
2015.09.21,3940,4013,3937,3999,115582,244678
2015.09.22,4023,4079,4018,4061,115583,252274
2015.09.23,4044,4199,4026,4187,141635,311953
2015.09.24,4225,4257,3946,3947,236809,404093
2015.09.25,3918,4015,3889,3986,178798,281295
2015.09.28,4001,4118,3987,4115,156038,276622
2015.09.29,4092,4156,4015,4060,185919,334520
2015.09.30,4050,4074,3964,3994,194361,351854
2015.10.01,3984,4060,3974,4047,150774,260715
2015.10.02,4024,4083,3964,3972,144793,250795
2015.10.05,3958,3987,3924,3948,120586,207168
2015.10.06,3965,3975,3859,3887,128336,236639
2015.10.07,3870,3924,3819,3917,147749,272647
2015.10.08,3935,3938,3808,3810,150371,278769
2015.10.09,3795,3821,3751,3790,134853,248868
2015.10.13,3850,3926,3815,3913,125214,236591
2015.10.14,3903,3919,3831,3840,133641,236839
2015.10.15,3807,3899,3802,3829,159247,285981
2015.10.16,3870,3974,3830,3945,162888,287251
2015.10.19,3895,3943,3881,3904,128903,223315
2015.10.20,3901,3932,3864,3918,119552,215932
2015.10.21,3952,3979,3932,3951,107333,191781
2015.10.22,3946,3976,3917,3917,133397,250740
2015.10.23,3921,3939,3876,3883,135771,252895
2015.10.26,3880,3932,3834,3914,127326,238354
2015.10.27,3934,3939,3892,3893,139800,268095
2015.10.28,3884,3940,3859,3910,129231,262215
2015.10.29,3915,3957,3846,3848,116782,229268
2015.10.30,3860,3926,3860,3894,113068,230168
2015.11.03,3881,3891,3775,3806,125485,239058
2015.11.04,3803,3847,3778,3827,143478,263882
2015.11.05,3833,3845,3795,3805,107651,204797
2015.11.06,3816,3870,3779,3799,115003,223036
2015.11.09,3805,3830,3792,3827,92878,176991
2015.11.10,3825,3847,3757,3770,93905,188839
2015.11.11,3772,3811,3729,3791,113146,228190
2015.11.12,3773,3848,3763,3794,101301,203733
2015.11.13,3803,3870,3793,3868,114809,234169
2015.11.16,3864,3879,3831,3841,92164,175720
2015.11.17,3830,3842,3803,3833,85302,175241
2015.11.18,3824,3827,3778,3783,95138,190228
2015.11.19,3761,3775,3727,3734,104186,202874
2015.11.23,3729,3749,3714,3739,84379,169508
2015.11.24,3739,3750,3699,3702,83308,168282
2015.11.25,3746,3810,3735,3755,109931,226567
2015.11.26,3755,3773,3737,3751,53379,112850
2015.11.27,3767,3850,3719,3850,99005,210280
2015.11.30,3920,3959,3865,3905,112683,201126
2015.12.01,3894,3940,3860,3886,119251,241614
2015.12.02,3905,3911,3857,3872,130045,245530
2015.12.03,3830,3870,3766,3789,151468,275965
2015.12.04,3798,3820,3755,3787,123265,229709
2015.12.07,3800,3807,3759,3800,101796,191977
2015.12.08,3799,3847,3772,3823,139403,262603
2015.12.09,3796,3811,3740,3774,142837,270736
2015.12.10,3774,3839,3769,3835,126403,248850
2015.12.11,3859,3910,3848,3895,154233,296631
2015.12.14,3885,3945,3878,3894,127778,242819
2015.12.15,3891,3929,3868,3888,139194,258546
2015.12.16,3930,3983,3895,3895,173062,314361
2015.12.17,3914,3934,3875,3891,149178,271351
2015.12.18,3932,4000,3891,4000,144647,278633
2015.12.21,4001,4053,3975,4021,114331,225608
2015.12.22,4009,4027,3982,4005,102301,207749
2015.12.23,4000,4004,3949,3951,74521,144238
2015.12.28,3965,3969,3860,3864,88556,172605
2015.12.29,3866,3895,3843,3868,86709,168216
2015.12.30,3894,4063,3886,3994,95209,163090
2016.01.04,4040,4104,4032,4072,112822,206241
2016.01.05,4084,4092,4023,4043,123068,218251
2016.01.06,4084,4090,4036,4061,118603,213232
2016.01.07,4090,4104,4055,4078,135779,231483
2016.01.08,4052,4083,4033,4050,134836,227622
2016.01.11,4049,4092,4028,4082,122544,212357
2016.01.12,4065,4084,4042,4052,120218,217977
2016.01.13,4028,4045,3991,4033,129569,228884
2016.01.14,4042,4060,4008,4019,142657,247295
2016.01.15,4056,4081,4039,4066,135828,242976
2016.01.18,4048,4070,4032,4053,73617,137476
2016.01.19,4022,4080,4014,4077,122926,225234
2016.01.20,4100,4143,4083,4113,142845,270733
2016.01.21,4156,4184,4136,4165,175672,325261
2016.01.22,4146,4147,4102,4106,119041,220654
2016.01.26,4120,4129,4053,4054,123009,230994
2016.01.27,4062,4120,4033,4114,150821,289521
2016.01.28,4089,4124,4036,4076,183469,350985
2016.01.29,4088,4130,4025,4027,169793,302208
2016.02.01,4056,4060,3979,3997,174066,333388
2016.02.02,4014,4050,4000,4019,173652,337676
2016.02.03,4020,4023,3920,3922,190181,366859
2016.02.04,3903,3932,3871,3916,187791,361576
2016.02.05,3915,3953,3885,3927,168872,318716
2016.02.10,3920,3971,3920,3955,106105,188340
2016.02.11,3965,4035,3958,4018,184315,365156
2016.02.12,4007,4026,3984,4023,179522,380014
2016.02.15,3998,4022,3995,4015,76612,163550
2016.02.16,4008,4095,4005,4094,164590,348362
2016.02.17,4076,4082,3982,3995,201009,412073
2016.02.18,3990,4068,3986,4047,171476,349017
2016.02.19,4055,4078,4026,4034,163432,313280
2016.02.22,4005,4013,3941,3954,150163,296211
2016.02.23,3954,3988,3946,3964,146122,288512
2016.02.24,3987,4014,3952,3955,165704,332394
2016.02.25,3943,3969,3926,3958,161345,322019
2016.02.26,3956,4019,3932,3999,171236,332546
2016.02.29,4020,4058,3985,4052,148455,299305
2016.03.01,4031,4050,3956,3957,171562,335142
2016.03.02,3965,3973,3915,3921,168380,330269
2016.03.03,3912,3913,3806,3827,193571,389962
2016.03.04,3718,3804,3682,3787,278604,541595
2016.03.07,3790,3821,3759,3803,173387,341284
2016.03.08,3815,3824,3753,3778,172973,355069
2016.03.09,3764,3770,3700,3703,159081,326499
2016.03.10,3692,3728,3627,3643,243387,514582
2016.03.11,3625,3685,3590,3605,198145,390582
2016.03.14,3614,3682,3595,3680,165323,341709
2016.03.15,3732,3797,3691,3779,228353,481251
2016.03.16,3797,3867,3746,3756,242843,504285
2016.03.17,3665,3700,3614,3637,206813,363811
2016.03.18,3658,3686,3582,3638,186874,349274
2016.03.21,3635,3657,3608,3631,158899,293719
2016.03.22,3655,3660,3582,3584,162324,325228
2016.03.23,3619,3693,3612,3689,174520,339331
2016.03.24,3708,3727,3683,3685,152423,287389
2016.03.28,3668,3678,3625,3633,121568,227065
2016.03.29,3646,3679,3634,3645,150924,299801
2016.03.30,3639,3652,3599,3600,156272,314302
2016.03.31,3647,3659,3559,3622,206990,437280
2016.04.01,3629,3649,3563,3577,198170,397304
2016.04.04,3596,3657,3573,3649,154173,304221
2016.04.05,3674,3714,3653,3703,182610,364259
2016.04.06,3726,3736,3660,3669,193360,391788
2016.04.07,3688,3745,3673,3717,198955,413125
2016.04.08,3682,3694,3609,3613,155626,305655
2016.04.11,3605,3611,3508,3514,198427,409803
2016.04.12,3514,3582,3498,3513,250690,495889
2016.04.13,3524,3581,3490,3518,242716,482384
2016.04.14,3535,3549,3469,3502,198659,389501
2016.04.15,3491,3575,3485,3545,206065,405372
2016.04.18,3490,3634,3484,3629,207415,381874
2016.04.19,3594,3599,3536,3544,170143,321650
2016.04.20,3551,3577,3534,3535,141893,262209
2016.04.22,3563,3608,3562,3574,120469,222610
2016.04.25,3567,3577,3547,3570,126139,237658
2016.04.26,3550,3553,3523,3533,107040,206097
2016.04.27,3526,3560,3515,3528,163986,334832
2016.04.28,3523,3525,3484,3494,119515,243462
2016.04.29,3526,3531,3463,3469,138440,281831
2016.05.02,3490,3540,3484,3534,142006,287566
2016.05.03,3570,3611,3559,3587,151398,304852
2016.05.04,3599,3603,3557,3576,136658,283159
2016.05.05,3551,3579,3537,3561,135721,265505
2016.05.06,3577,3599,3521,3525,151722,305603
2016.05.09,3520,3697,3517,3542,160070,343301
2016.05.10,3529,3533,3486,3499,131477,255143
2016.05.11,3502,3504,3461,3470,145347,288317
2016.05.12,3456,3525,3452,3504,171568,336639
2016.05.13,3505,3555,3486,3552,163691,317337
2016.05.16,3544,3552,3511,3514,115377,223072
2016.05.17,3503,3542,3496,3501,147838,305931
2016.05.18,3545,3583,3533,3580,170741,357029
2016.05.19,3581,3630,3570,3576,164887,344159
2016.05.20,3566,3570,3526,3529,128448,264202
2016.05.23,3568,3597,3553,3579,157203,312762
2016.05.24,3570,3596,3549,3578,149319,307699
2016.05.25,3565,3628,3556,3588,181266,377523
2016.05.27,3599,3631,3597,3610,126343,252668
2016.05.30,3606,3617,3567,3575,65025,139423
2016.05.31,3598,3672,3588,3651,150052,300518
2016.06.01,3651,3669,3619,3638,149574,299546
2016.06.02,3631,3644,3610,3627,153236,309114
2016.06.03,3625,3629,3553,3560,140857,296381
2016.06.06,3554,3558,3512,3518,113635,235110
2016.06.07,3510,3540,3465,3465,152871,322871
2016.06.08,3432,3436,3379,3382,172010,349060
2016.06.09,3398,3428,3383,3426,163156,327157
2016.06.10,3441,3468,3431,3438,153878,305748
2016.06.13,3441,3507,3433,3497,172494,344676
2016.06.14,3525,3532,3473,3498,190297,401676
2016.06.15,3486,3515,3460,3488,205709,428696
2016.06.16,3498,3524,3475,3478,201948,401127
2016.06.17,3466,3474,3427,3427,141693,282792
2016.06.20,3400,3417,3385,3407,145011,308781
2016.06.21,3393,3426,3365,3420,175848,377982
2016.06.22,3414,3418,3376,3387,154905,331050
2016.06.23,3358,3382,3345,3349,140323,294902
2016.06.24,3445,3457,3359,3380,181360,416857
2016.06.27,3399,3421,3379,3399,144241,331453
2016.06.28,3361,3365,3301,3305,173775,353939
2016.06.29,3267,3279,3221,3221,194974,397392
2016.06.30,3265,3273,3209,3240,200384,432997
2016.07.01,3257,3274,3222,3268,193855,413446
2016.07.04,3263,3299,3261,3299,78387,174498
2016.07.05,3322,3333,3303,3331,180885,374657
2016.07.06,3342,3368,3338,3353,195162,406525
2016.07.07,3363,3397,3344,3397,182259,379704
2016.07.08,3354,3365,3305,3321,196895,404751
2016.07.11,3326,3340,3313,3333,140410,280488
2016.07.12,3310,3320,3285,3317,170465,354650
2016.07.13,3319,3327,3282,3282,164238,348626
2016.07.14,3263,3277,3233,3267,155886,327844
2016.07.15,3270,3300,3258,3298,171897,357545
2016.07.18,3275,3288,3261,3270,132497,270111
2016.07.19,3281,3297,3260,3260,144765,309807
2016.07.20,3265,3275,3250,3268,148980,320447
2016.07.21,3259,3299,3252,3282,169691,370471
2016.07.22,3285,3305,3261,3265,153935,350931
2016.07.25,3271,3303,3262,3296,132950,298232
2016.07.26,3297,3299,3273,3281,145728,323332
2016.07.27,3282,3299,3262,3262,171152,387107
2016.07.28,3272,3300,3264,3291,158548,336362
2016.07.29,3315,3323,3264,3282,180707,390790
2016.08.01,3280,3309,3279,3299,113353,238597
2016.08.02,3305,3308,3271,3290,151104,331361
2016.08.03,3298,3323,3268,3271,172675,388486
2016.08.04,3268,3268,3220,3220,143077,315393
2016.08.05,3216,3227,3187,3190,178524,402379
2016.08.08,3190,3215,3185,3198,126644,305619
2016.08.09,3196,3198,3151,3167,158307,356322
2016.08.10,3143,3167,3136,3152,154900,343442
2016.08.11,3167,3175,3149,3166,139708,333637
2016.08.12,3173,3214,3165,3211,148815,349038
2016.08.15,3197,3207,3175,3203,110416,253837
2016.08.16,3182,3222,3172,3216,145147,347249
2016.08.17,3227,3251,3213,3225,176981,421602
2016.08.18,3217,3260,3214,3253,169383,397042
2016.08.19,3256,3263,3216,3216,142149,333323
2016.08.22,3228,3238,3209,3213,135443,324781
2016.08.23,3200,3247,3195,3245,162054,425335
2016.08.24,3245,3257,3226,3233,144460,368413
2016.08.25,3232,3248,3222,3239,131013,325745
2016.08.26,3237,3283,3193,3265,223469,569472
2016.08.29,3280,3294,3232,3233,135244,313109
2016.08.30,3239,3265,3221,3242,154560,374581
2016.08.31,3258,3287,3246,3254,181776,433571
2016.09.01,3249,3291,3247,3286,147212,361233
2016.09.02,3278,3299,3250,3280,185910,454545
2016.09.05,3278,3312,3273,3307,76137,190899
2016.09.06,3301,3308,3218,3218,195794,472463
2016.09.08,3215,3242,3189,3236,240140,591433
2016.09.09,3249,3305,3247,3290,220285,524532
2016.09.12,3317,3330,3261,3264,227402,528530
2016.09.13,3282,3351,3279,3334,250967,608988
2016.09.14,3321,3367,3315,3362,248303,571565
2016.09.15,3350,3384,3309,3320,245958,616805
2016.09.16,3326,3336,3276,3280,220609,530274
2016.09.19,3274,3292,3266,3285,135487,328037
2016.09.20,3277,3284,3256,3267,146242,360323
2016.09.21,3251,3258,3214,3214,168993,421919
2016.09.22,3200,3236,3189,3227,171727,447560
2016.09.23,3217,3259,3208,3250,155257,406895
2016.09.26,3255,3258,3228,3245,155389,410148
2016.09.27,3229,3249,3222,3235,153597,403230
2016.09.28,3237,3255,3214,3220,178862,505838
2016.09.29,3222,3270,3216,3259,226439,615469
2016.09.30,3273,3291,3259,3287,169766,446807
2016.10.03,3270,3277,3224,3238,163042,411755
2016.10.04,3240,3287,3231,3287,212018,587389
2016.10.05,3271,3276,3242,3244,151820,387689
2016.10.06,3249,3266,3241,3249,163125,395197
2016.10.07,3258,3261,3212,3238,214813,551894
2016.10.10,3234,3242,3217,3227,128456,303155
2016.10.11,3225,3244,3211,3211,208309,505622
2016.10.13,3225,3235,3192,3194,184601,441849
2016.10.14,3190,3222,3180,3216,208404,504576
2016.10.17,3212,3229,3202,3213,140013,325595
2016.10.18,3204,3205,3185,3196,143262,353726
2016.10.19,3195,3207,3174,3176,162775,412977
2016.10.20,3184,3184,3143,3152,180941,457955
2016.10.21,3154,3177,3152,3158,146700,370717
2016.10.24,3152,3158,3121,3128,148665,374307
2016.10.25,3128,3142,3108,3123,189069,491591
2016.10.26,3130,3157,3119,3142,187290,485930
2016.10.27,3145,3179,3131,3176,178181,461455
2016.10.28,3167,3209,3161,3208,233471,595481
2016.10.31,3230,3231,3191,3217,163104,397214
2016.11.01,3212,3282,3206,3267,213366,529987
2016.11.03,3270,3276,3247,3264,206325,521150
2016.11.04,3278,3289,3242,3259,224629,548741
2016.11.07,3229,3240,3212,3224,133624,333650
2016.11.08,3226,3237,3184,3189,182659,474853
2016.11.09,3263,3268,3217,3235,258692,673088
2016.11.10,3230,3415,3228,3412,394705,987884
2016.11.11,3416,3529,3391,3411,409061,707763
2016.11.14,3460,3492,3440,3452,294277,506202
2016.11.16,3415,3461,3411,3438,227132,459637
2016.11.17,3419,3445,3402,3437,239962,578177
2016.11.18,3453,3455,3385,3396,222704,556334
2016.11.21,3391,3394,3352,3364,175439,402901
2016.11.22,3350,3374,3338,3366,189983,454281
2016.11.23,3370,3427,3360,3395,223663,536155
2016.11.24,3395,3417,3389,3402,113657,273484
2016.11.25,3430,3474,3409,3415,204890,476642
2016.11.28,3397,3418,3385,3390,173501,416187
2016.11.29,3393,3415,3382,3402,160139,372492
2016.11.30,3434,3439,3408,3413,189807,462469
2016.12.01,3423,3509,3413,3498,248779,613745
2016.12.02,3498,3523,3475,3507,222395,509892
2016.12.05,3505,3510,3445,3449,156693,360656
2016.12.06,3478,3494,3423,3436,211001,518100
2016.12.07,3414,3444,3402,3408,191944,450537
2016.12.08,3400,3440,3393,3394,184909,446016
2016.12.09,3407,3431,3371,3401,174810,416005
2016.12.12,3415,3427,3354,3354,175683,404884
2016.12.13,3369,3383,3335,3352,162544,376003
2016.12.14,3358,3389,3318,3388,186634,461021
2016.12.15,3407,3423,3378,3389,226895,546327
2016.12.16,3385,3426,3357,3406,176175,409411
2016.12.19,3404,3415,3373,3374,159260,375038
2016.12.20,3382,3387,3349,3363,153353,363724
2016.12.21,3361,3363,3331,3338,125897,302785
2016.12.22,3345,3356,3291,3293,155474,408029
2016.12.23,3292,3299,3265,3278,101405,265034
2016.12.26,3275,3291,3268,3284,32268,98797
2016.12.27,3288,3293,3273,3273,93089,238534
2016.12.28,3276,3298,3268,3286,93743,247302
2016.12.29,3301,3301,3271,3282,71277,182332
2017.01.02,3286,3317,3282,3315,62895,162313
2017.01.03,3313,3319,3275,3290,121320,310109
2017.01.04,3281,3282,3235,3240,121339,296335
2017.01.05,3246,3253,3217,3221,176046,456178
2017.01.06,3233,3248,3209,3248,157059,411430
2017.01.09,3250,3255,3212,3219,118352,295638
2017.01.10,3219,3222,3201,3215,113499,282532
2017.01.11,3216,3249,3199,3216,212949,567387
2017.01.12,3191,3209,3169,3206,182548,483927
2017.01.13,3203,3240,3196,3237,176361,467539
2017.01.16,3245,3263,3233,3259,87628,230290
2017.01.17,3223,3235,3211,3226,144441,377372
2017.01.18,3235,3244,3227,3244,123229,321808
2017.01.19,3240,3244,3205,3206,176394,464105
2017.01.20,3212,3215,3178,3181,148027,379938
2017.01.23,3168,3192,3162,3171,139537,361582
2017.01.24,3175,3182,3166,3178,112679,296728
2017.01.26,3166,3199,3165,3184,157523,409657
2017.01.27,3182,3186,3141,3144,148330,394109
2017.01.30,3142,3154,3114,3128,142915,378129
2017.01.31,3152,3179,3125,3170,194721,518933
2017.02.01,3168,3184,3147,3152,170494,470044
2017.02.02,3135,3150,3128,3145,160422,440488
2017.02.03,3149,3158,3124,3145,158953,456948
2017.02.06,3137,3145,3125,3132,124152,339349
2017.02.07,3146,3154,3134,3139,126819,361183
2017.02.08,3136,3145,3128,3134,120686,346476
2017.02.09,3136,3148,3128,3143,122547,358346
2017.02.10,3139,3141,3119,3124,131249,387797
2017.02.13,3123,3135,3119,3124,102062,289380
2017.02.14,3129,3138,3092,3097,189086,609961
2017.02.15,3097,3104,3061,3061,180116,541519
2017.02.16,3062,3097,3047,3095,180175,524086
2017.02.17,3103,3114,3085,3112,159765,474320
2017.02.20,3106,3112,3088,3093,76079,234630
2017.02.21,3101,3112,3091,3096,153845,462072
2017.02.22,3099,3099,3060,3068,142849,440936
2017.02.23,3069,3081,3054,3068,154962,481542
2017.02.24,3102,3145,3097,3142,185230,455445
2017.03.01,3146,3149,3115,3117,72748,216172
2017.03.02,3125,3184,3122,3182,177258,580615
2017.03.03,3180,3187,3136,3143,208267,582964
2017.03.06,3146,3164,3124,3161,147210,419466
2017.03.07,3152,3154,3134,3142,138639,398193
2017.03.08,3152,3203,3147,3183,200166,595320
2017.03.09,3195,3220,3181,3215,207195,626897
2017.03.10,3203,3206,3156,3157,215333,640696
2017.03.13,3151,3178,3148,3171,143388,455995
2017.03.14,3179,3199,3175,3184,165260,497168
2017.03.15,3181,3193,3113,3119,227619,691279
2017.03.16,3134,3137,3106,3134,190082,532500
2017.03.17,3121,3140,3099,3105,158122,438043
2017.03.20,3109,3127,3079,3083,164148,464936
2017.03.21,3082,3105,3071,3099,207900,620341
2017.03.22,3112,3119,3091,3097,191653,596979
2017.03.23,3105,3153,3101,3148,203093,603009
2017.03.24,3144,3157,3111,3116,193011,597182
2017.03.27,3122,3145,3117,3131,179504,556051
2017.03.28,3135,3149,3126,3145,164838,501138
2017.03.29,3137,3141,3115,3124,149177,439512
2017.03.30,3124,3155,3121,3151,171638,555032
2017.03.31,3172,3198,3141,3141,206108,590628
2017.04.03,3152,3154,3129,3134,133687,381032
2017.04.04,3153,3155,3110,3112,168053,469816
2017.04.05,3104,3142,3098,3136,198295,594312
2017.04.06,3137,3167,3124,3159,204590,585472
2017.04.07,3158,3174,3134,3162,200921,581150
2017.04.10,3163,3164,3144,3145,137220,409286
2017.04.11,3146,3168,3138,3150,206569,590013
2017.04.12,3159,3170,3132,3139,193735,589199
2017.04.13,3147,3160,3127,3155,167755,482716
2017.04.17,3116,3123,3103,3108,142696,395081
2017.04.18,3118,3131,3096,3116,186779,535510
2017.04.19,3122,3162,3117,3158,185020,568380
2017.04.20,3147,3176,3139,3154,185362,573555
2017.04.24,3128,3140,3123,3133,130359,376658
2017.04.25,3144,3173,3143,3151,180399,575748
2017.04.26,3165,3210,3161,3174,233422,705220
2017.04.27,3161,3190,3157,3185,161825,488617
2017.04.28,3212,3240,3196,3202,190437,546686
2017.05.02,3193,3220,3171,3176,179409,550297
2017.05.03,3185,3191,3164,3188,202564,594605
2017.05.04,3196,3217,3192,3211,204724,587029
2017.05.05,3210,3217,3190,3197,185757,542145
2017.05.08,3208,3226,3203,3218,129769,365563
2017.05.09,3216,3219,3198,3210,145641,428090
2017.05.10,3194,3194,3170,3185,151392,468827
2017.05.11,3178,3185,3155,3156,167220,507804
2017.05.12,3165,3165,3131,3137,161300,502457
2017.05.15,3121,3126,3109,3124,150304,464024
2017.05.16,3113,3119,3100,3109,160496,501699
2017.05.17,3113,3152,3107,3148,210906,693259
2017.05.18,3324,3418,3324,3394,183496,442900
2017.05.19,3309,3355,3253,3264,299165,734323
2017.05.22,3284,3329,3269,3276,234502,624998
2017.05.23,3283,3295,3264,3280,186318,550429
2017.05.24,3280,3294,3255,3283,265661,731915
2017.05.25,3285,3302,3267,3278,191405,512348
2017.05.26,3274,3279,3256,3262,194387,520993
2017.05.29,3265,3279,3259,3259,69909,203434
2017.05.30,3272,3274,3257,3260,167348,471240
2017.05.31,3282,3283,3248,3250,195678,559970
2017.06.01,3254,3277,3238,3274,205129,617030
2017.06.02,3271,3280,3242,3267,197903,580734
2017.06.05,3273,3319,3269,3319,194575,576979
2017.06.06,3320,3322,3292,3298,185612,560949
2017.06.07,3301,3305,3283,3288,177898,509295
2017.06.08,3293,3306,3277,3278,163023,462118
2017.06.09,3280,3315,3272,3312,190376,531937
2017.06.12,3303,3342,3292,3332,191406,551242
2017.06.13,3325,3348,3314,3329,233922,675282
2017.06.14,3322,3327,3277,3287,267018,753615
2017.06.16,3300,3309,3291,3305,166814,475181
2017.06.19,3304,3325,3292,3293,183101,523357
2017.06.20,3305,3352,3304,3336,270763,722646
2017.06.21,3330,3345,3323,3343,223188,595584
2017.06.22,3333,3356,3329,3350,210052,634267
2017.06.23,3348,3350,3332,3350,177758,496630
2017.06.26,3340,3340,3300,3302,177790,522957
2017.06.27,3311,3338,3302,3317,273294,803553
2017.06.28,3316,3317,3281,3283,240689,710606
2017.06.29,3276,3317,3273,3306,253617,782911
2017.06.30,3320,3337,3307,3328,209975,609129
2017.07.03,3337,3343,3313,3321,157187,510274
2017.07.04,3322,3330,3318,3329,91865,293184
2017.07.05,3333,3349,3307,3308,245925,764100
2017.07.06,3318,3339,3314,3316,239243,733050
2017.07.07,3308,3324,3287,3299,246528,740511
2017.07.10,3297,3297,3270,3271,146272,440643
2017.07.11,3279,3284,3261,3269,192616,598866
2017.07.12,3254,3255,3218,3220,256723,818219
2017.07.13,3224,3234,3214,3223,168216,524313
2017.07.14,3216,3222,3189,3190,181342,589258
2017.07.17,3193,3196,3186,3191,137728,425262
2017.07.18,3183,3185,3162,3164,184911,585137
2017.07.19,3168,3171,3152,3156,172393,561281
2017.07.20,3159,3163,3125,3127,198973,649487
2017.07.21,3124,3151,3117,3148,191169,632556
2017.07.24,3147,3157,3139,3151,161296,519376
2017.07.25,3147,3176,3142,3176,238052,805019
2017.07.26,3167,3179,3137,3140,219680,740535
2017.07.27,3145,3161,3144,3155,217052,725335
2017.07.28,3160,3161,3130,3133,163865,575618
2017.07.31,3160,3164,3135,3147,198591,673154
2017.08.01,3143,3150,3127,3145,197401,657504
2017.08.02,3150,3156,3131,3131,207214,707792
2017.08.03,3135,3145,3128,3130,174096,602603
2017.08.04,3127,3150,3125,3148,213549,728880
2017.08.07,3147,3150,3136,3142,138256,473518
2017.08.08,3139,3152,3135,3140,172126,582219
2017.08.09,3153,3172,3149,3169,204557,709507
2017.08.10,3174,3192,3161,3189,231972,771998
2017.08.11,3185,3247,3168,3210,256406,872771
2017.08.14,3189,3219,3184,3201,233780,793281
2017.08.15,3206,3218,3176,3181,200891,694915
2017.08.16,3177,3188,3155,3163,178074,682250
2017.08.17,3169,3192,3166,3185,181565,684052
2017.08.18,3179,3184,3151,3156,181760,695069
2017.08.21,3156,3180,3144,3171,175980,677594
2017.08.22,3163,3198,3153,3168,189048,744280
2017.08.23,3172,3176,3139,3147,165788,606902
2017.08.24,3147,3154,3137,3153,166045,628713
2017.08.25,3144,3166,3140,3164,191374,744125
2017.08.28,3158,3171,3152,3170,133954,474252
2017.08.29,3164,3178,3161,3167,164546,620934
2017.08.30,3169,3176,3157,3162,160915,599606
2017.08.31,3181,3184,3151,3161,171917,734492
2017.09.01,3155,3159,3135,3153,173445,675283
2017.09.04,3155,3157,3144,3153,72121,260842
2017.09.05,3129,3138,3123,3128,168665,682652
2017.09.06,3123,3129,3108,3109,151318,614217
2017.09.08,3096,3108,3091,3096,126739,508300
2017.09.11,3100,3116,3087,3111,154248,560346
2017.09.12,3113,3144,3111,3132,207764,761545
2017.09.13,3133,3149,3129,3142,172543,642621
2017.09.14,3147,3156,3119,3126,208299,779887
2017.09.15,3136,3139,3117,3118,163847,591335
2017.09.18,3118,3145,3116,3143,150796,536989
2017.09.19,3137,3146,3131,3140,145593,505875
2017.09.20,3133,3145,3119,3137,208646,833953
2017.09.21,3145,3151,3130,3141,157545,620867
2017.09.22,3138,3141,3124,3128,116035,456432
2017.09.25,3136,3164,3129,3162,168628,698266
2017.09.26,3166,3177,3154,3168,192180,765761
2017.09.27,3187,3199,3181,3194,206929,858606
2017.09.28,3190,3201,3178,3184,165149,689357
2017.09.29,3195,3204,3170,3176,169869,678385
2017.10.02,3184,3192,3165,3168,142369,562433
2017.10.03,3170,3179,3154,3156,132814,534266
2017.10.04,3147,3152,3135,3148,147572,588788
2017.10.05,3145,3167,3137,3165,175172,722210
2017.10.06,3165,3189,3160,3166,204802,825096
2017.10.09,3168,3200,3167,3200,134905,534305
2017.10.10,3184,3196,3172,3189,153326,622601
2017.10.11,3180,3187,3170,3180,153292,615027
2017.10.13,3180,3188,3152,3153,164052,671149
2017.10.16,3164,3181,3161,3179,143133,569432
2017.10.17,3178,3191,3165,3166,154247,599571
2017.10.18,3171,3188,3162,3178,165237,635521
2017.10.19,3169,3185,3167,3173,134417,546645
2017.10.20,3186,3203,3176,3198,172483,743358
2017.10.23,3199,3244,3194,3242,181137,752193
2017.10.24,3238,3271,3228,3247,255646,1024759
2017.10.25,3243,3263,3231,3236,253678,1015073
2017.10.26,3232,3301,3231,3293,270756,1070921
2017.10.27,3290,3304,3235,3238,308825,1253297
2017.10.30,3241,3290,3236,3290,204116,737257
2017.10.31,3301,3315,3278,3284,240465,847910
2017.11.01,3285,3305,3269,3280,241738,886364
2017.11.03,3279,3347,3263,3327,335879,1198433
2017.11.06,3315,3316,3258,3259,230379,787499
2017.11.07,3277,3298,3264,3281,274923,963053
2017.11.08,3276,3277,3250,3264,214193,779794
2017.11.09,3258,3275,3244,3261,243255,824024
2017.11.10,3262,3293,3259,3286,185528,686790
2017.11.13,3294,3308,3283,3286,192774,673474
2017.11.14,3282,3323,3273,3319,240767,842314
2017.11.16,3311,3316,3274,3280,238915,873154
2017.11.17,3280,3293,3261,3262,211925,728722
2017.11.21,3258,3269,3244,3262,226501,761772
2017.11.22,3254,3268,3224,3226,225104,782949
2017.11.23,3230,3246,3222,3225,128589,425535
2017.11.24,3233,3238,3224,3235,127025,452730
2017.11.27,3224,3234,3216,3229,177953,578336
2017.11.28,3234,3235,3203,3214,211902,768194
2017.11.29,3215,3248,3202,3247,242690,851853
2017.11.30,3251,3298,3247,3282,264795,906377
2017.12.01,3288,3295,3258,3267,242126,849198
2017.12.04,3266,3271,3251,3252,158138,538295
2017.12.05,3254,3255,3229,3250,202297,734925
2017.12.06,3254,3257,3233,3244,191337,695345
2017.12.07,3255,3327,3255,3300,279279,1053096
2017.12.08,3285,3318,3273,3299,238526,779276
2017.12.11,3295,3314,3280,3312,179736,586441
2017.12.12,3305,3341,3304,3312,231738,805577
2017.12.13,3300,3337,3293,3316,289208,921617
2017.12.14,3327,3352,3315,3347,252350,870611
2017.12.15,3340,3342,3298,3298,211762,729166
2017.12.18,3302,3305,3282,3295,193957,626957
2017.12.19,3301,3311,3286,3293,185963,655261
2017.12.20,3291,3302,3284,3300,165566,553768
2017.12.21,3297,3319,3294,3311,193453,687578
2017.12.22,3307,3341,3305,3338,164505,559017
2017.12.26,3330,3333,3306,3310,113419,374522
2017.12.27,3303,3322,3294,3316,151772,503934
2017.12.28,3321,3337,3308,3329,110568,337621
2018.01.02,3306,3306,3269,3271,160351,571300
2018.01.03,3263,3278,3244,3248,215426,726808
2018.01.04,3245,3254,3233,3246,189632,656971
2018.01.05,3245,3260,3237,3240,185811,643249
2018.01.08,3242,3255,3235,3251,175565,598470
2018.01.09,3255,3266,3240,3260,223033,761238
2018.01.10,3264,3266,3236,3238,239035,822685
2018.01.11,3242,3246,3220,3223,201471,702800
2018.01.12,3229,3237,3207,3214,246590,839971
2018.01.15,3205,3227,3199,3224,153984,543552
2018.01.16,3222,3244,3219,3231,238655,846385
2018.01.17,3237,3245,3219,3231,206612,725424
2018.01.18,3227,3231,3208,3213,224978,798273
2018.01.19,3213,3220,3200,3201,169755,627052
2018.01.22,3198,3216,3189,3207,193402,700526
2018.01.23,3215,3249,3213,3242,246735,886656
2018.01.24,3231,3235,3139,3150,292961,1125402
2018.01.26,3135,3159,3123,3155,285034,1106164
2018.01.29,3162,3174,3156,3158,225141,793991
2018.01.30,3158,3197,3150,3182,257002,961415
2018.01.31,3178,3205,3156,3196,275807,1024345
2018.02.01,3203,3207,3172,3178,269031,978711
2018.02.02,3199,3233,3193,3231,279038,982405
2018.02.05,3225,3283,3223,3272,275761,965585
2018.02.06,3267,3287,3242,3243,390639,1362386
2018.02.07,3259,3292,3246,3280,313154,970110
2018.02.08,3285,3311,3264,3294,374477,1311694
2018.02.09,3285,3326,3275,3301,364604,1177135
2018.02.14,3296,3304,3223,3225,177553,663689
2018.02.15,3212,3246,3205,3238,258708,886196
2018.02.16,3245,3253,3207,3235,281422,1000756
2018.02.19,3231,3243,3227,3242,136905,432841
2018.02.20,3251,3265,3243,3260,240413,839325
2018.02.21,3260,3276,3246,3276,232958,804076
2018.02.22,3268,3276,3245,3251,233925,846041
2018.02.23,3247,3253,3234,3242,172760,608272
2018.02.26,3238,3243,3223,3224,155423,549970
2018.02.27,3228,3257,3223,3253,203285,740307
2018.02.28,3257,3263,3247,3258,166721,583980
2018.03.01,3265,3283,3250,3263,289719,1051723
2018.03.02,3271,3277,3259,3263,204568,699242
2018.03.05,3268,3272,3250,3251,143326,487523
2018.03.06,3239,3240,3214,3218,208874,729111
2018.03.07,3234,3256,3228,3252,206563,738293
2018.03.08,3257,3277,3247,3274,216456,813081
2018.03.09,3269,3279,3246,3264,200096,707699
2018.03.12,3260,3272,3257,3268,136700,468086
2018.03.13,3270,3270,3242,3265,224337,857258
2018.03.14,3254,3271,3250,3264,171857,677491
2018.03.15,3273,3301,3273,3289,202991,816419
2018.03.16,3297,3303,3276,3284,194879,697971
2018.03.19,3299,3300,3286,3290,177724,647890
2018.03.20,3285,3315,3282,3314,206423,765270
2018.03.21,3303,3310,3266,3275,240219,931864
2018.03.22,3286,3320,3281,3318,234054,839878
2018.03.23,3317,3321,3295,3313,216707,782103
2018.03.26,3298,3315,3294,3312,174406,599526
2018.03.27,3309,3335,3309,3325,220443,785409
2018.03.28,3324,3345,3320,3321,260153,1009933
2018.03.29,3329,3337,3301,3312,191911,725935
2018.04.02,3316,3332,3305,3319,185544,693254
2018.04.03,3318,3352,3311,3348,220082,860950
2018.04.04,3364,3374,3333,3337,249370,933076
2018.04.05,3305,3356,3302,3351,231723,895768
2018.04.06,3360,3386,3352,3376,270060,1055589
2018.04.09,3370,3431,3369,3429,252191,989640
2018.04.10,3415,3442,3408,3416,272001,1013643
2018.04.11,3420,3430,3379,3381,235338,883800
2018.04.12,3375,3425,3371,3418,218824,828516
2018.04.13,3407,3436,3403,3428,207721,737896
2018.04.16,3424,3441,3411,3423,191683,664717
2018.04.17,3421,3425,3394,3412,192595,663733
2018.04.18,3401,3406,3377,3384,179591,648704
2018.04.19,3387,3414,3384,3390,200036,724619
2018.04.20,3397,3420,3397,3416,175076,653707
2018.04.23,3432,3457,3427,3455,195845,706961
2018.04.24,3441,3483,3438,3476,270092,1059782
2018.04.25,3501,3517,3484,3487,296614,1065619
2018.04.26,3485,3509,3476,3477,275076,1078872
2018.04.27,3472,3482,3457,3457,198317,726117
2018.04.30,3483,3521,3475,3518,171131,642682
2018.05.02,3536,3565,3528,3564,272050,1051703
2018.05.03,3533,3577,3530,3538,294193,1039784
2018.05.04,3547,3558,3524,3539,269339,899439
2018.05.07,3552,3567,3546,3560,192571,639645
2018.05.08,3569,3602,3564,3571,289876,1042454
2018.05.09,3572,3618,3567,3599,284949,1029390
2018.05.10,3589,3592,3550,3557,256177,894294
2018.05.11,3557,3618,3551,3607,299434,1122916
2018.05.14,3587,3647,3579,3629,286779,1020930
2018.05.15,3656,3698,3648,3659,371735,1311610
2018.05.16,3669,3700,3667,3681,310374,1074713
2018.05.17,3658,3717,3655,3701,341657,1187844
2018.05.18,3717,3781,3713,3742,365735,1288193
2018.05.21,3704,3731,3676,3681,315212,1018557
2018.05.22,3666,3671,3632,3650,267039,917958
2018.05.23,3679,3681,3620,3630,341024,1182660
2018.05.24,3656,3657,3632,3648,259517,881768
2018.05.25,3657,3679,3643,3652,267249,959399
2018.05.28,3663,3747,3662,3736,268515,792735
2018.05.29,3768,3772,3714,3727,377836,1242664
2018.05.30,3707,3780,3703,3736,321149,1007839
2018.06.01,3758,3782,3733,3775,326318,952012
2018.06.04,3760,3765,3737,3757,247614,766962
2018.06.05,3775,3828,3768,3819,394622,1284630
2018.06.06,3818,3865,3814,3859,418900,1147311
2018.06.07,3868,3978,3861,3913,610673,1673952
2018.06.08,3859,3867,3704,3719,624778,1513580
2018.06.11,3727,3739,3682,3718,416569,1072724
2018.06.12,3724,3737,3678,3725,405971,1033956
2018.06.13,3714,3744,3691,3727,368541,1066000
2018.06.14,3709,3822,3692,3812,463480,1346109
2018.06.15,3770,3810,3721,3735,388503,1095140
2018.06.18,3751,3770,3735,3752,287778,753431
2018.06.19,3787,3788,3722,3751,325396,887676
2018.06.20,3753,3790,3710,3775,361704,1002814
2018.06.21,3793,3806,3755,3772,380257,999063
2018.06.22,3758,3792,3739,3787,269863,785602
2018.06.25,3779,3789,3763,3778,269967,744989
2018.06.26,3786,3806,3763,3800,277300,790262
2018.06.27,3794,3879,3791,3862,335647,1037091
2018.06.28,3854,3879,3836,3863,330856,944537
2018.06.29,3859,3892,3841,3889,291991,802729
2018.07.02,3903,3931,3893,3925,264938,736629
2018.07.03,3896,3912,3884,3908,250472,695108
2018.07.04,3912,3930,3896,3924,182457,499541
2018.07.05,3905,3952,3897,3943,301047,893766
2018.07.06,3951,3963,3870,3874,317693,984478
2018.07.10,3893,3896,3803,3826,349491,1081186
2018.07.11,3850,3894,3822,3885,355835,1059203
2018.07.12,3867,3911,3845,3891,395717,1186167
2018.07.13,3897,3908,3853,3861,351949,1090841
2018.07.16,3852,3879,3842,3869,308236,891798
2018.07.17,3877,3886,3845,3845,324095,955820
2018.07.18,3859,3870,3825,3856,313399,962117
2018.07.19,3875,3898,3828,3836,372436,1157350
2018.07.20,3815,3817,3763,3772,328048,1022073
2018.07.23,3780,3807,3776,3787,252363,716071
2018.07.24,3776,3781,3735,3752,311035,948351
2018.07.25,3727,3732,3691,3691,306334,982688
2018.07.26,3709,3751,3701,3749,287351,909913
2018.07.27,3744,3744,3708,3711,258930,781025
2018.07.30,3695,3734,3695,3731,223222,656419
2018.07.31,3738,3777,3737,3769,266359,816032
2018.08.01,3766,3783,3744,3763,282267,885111
2018.08.02,3786,3794,3762,3764,263536,845036
2018.08.03,3757,3763,3712,3720,289406,959222
2018.08.06,3717,3749,3703,3749,217715,687216
2018.08.07,3729,3782,3714,3761,331421,1101663
2018.08.08,3769,3783,3745,3782,322963,1019315
2018.08.09,3799,3830,3787,3812,330568,1052711
2018.08.10,3840,3883,3834,3869,408736,1300368
2018.08.13,3910,3938,3887,3893,440805,1367333
2018.08.14,3869,3912,3867,3875,388396,1255130
2018.08.15,3908,3935,3886,3911,442003,1459371
2018.08.16,3894,3935,3875,3914,395202,1306766
2018.08.17,3933,3960,3916,3919,362801,1183811
2018.08.20,3924,3978,3921,3974,333981,1124089
2018.08.21,3961,4058,3961,4055,439335,1468490
2018.08.22,4043,4096,4036,4046,510569,1572011
2018.08.23,4069,4132,4045,4119,494865,1575780
2018.08.24,4098,4136,4077,4108,471842,1475994
2018.08.27,4110,4120,4052,4083,397901,1253699
2018.08.28,4073,4151,4067,4141,464764,1504264
2018.08.29,4163,4167,4106,4109,441838,1381386
2018.08.30,4127,4216,4121,4150,556905,1760163
2018.08.31,4174,4188,4062,4065,474111,1380776
2018.09.03,4103,4172,4095,4168,292709,770350
2018.09.04,4200,4204,4148,4171,494898,1452488
2018.09.05,4191,4197,4122,4155,504581,1462563
2018.09.06,4140,4174,4045,4070,498674,1418841
2018.09.10,4075,4135,4061,4095,465286,1317900
2018.09.11,4141,4186,4139,4160,471724,1306536
2018.09.12,4126,4174,4117,4168,458673,1344222
2018.09.13,4150,4217,4132,4213,487105,1456588
2018.09.14,4211,4217,4165,4180,443664,1256536
2018.09.17,4199,4209,4122,4139,455222,1321336
2018.09.18,4134,4169,4123,4167,416908,1196200
2018.09.19,4174,4180,4103,4131,412980,1215184
2018.09.20,4116,4126,4073,4079,429359,1234001
2018.09.21,4086,4098,4030,4055,457577,1383974
2018.09.24,4061,4098,4038,4092,430749,1229500
2018.09.25,4128,4143,4069,4077,481699,1397075
2018.09.26,4080,4094,4009,4035,532675,1526138
2018.09.27,4037,4055,3967,4013,506820,1560709
2018.09.28,4045,4066,3997,4059,473990,1371299
2018.10.01,4056,4071,4013,4028,495694,1410892
2018.10.02,3993,4006,3914,3950,548463,1728271
2018.10.03,3867,3930,3831,3910,625464,1898606
2018.10.04,3933,3943,3881,3882,603569,1776931
2018.10.05,3855,3903,3844,3844,479945,1402313
2018.10.08,3739,3790,3716,3782,537529,1496423
2018.10.09,3789,3798,3708,3722,574693,1680705
2018.10.10,3743,3775,3731,3763,529494,1485769
2018.10.11,3726,3792,3721,3790,573541,1551123
2018.10.15,3764,3771,3719,3740,435153,1241389
2018.10.16,3725,3735,3696,3730,487606,1392844
2018.10.17,3745,3750,3668,3691,546683,1592102
2018.10.18,3696,3736,3677,3725,522113,1545841
2018.10.19,3710,3730,3691,3718,472128,1390833
2018.10.22,3698,3723,3672,3690,399625,1110946
2018.10.23,3700,3725,3688,3695,507382,1418887
2018.10.24,3700,3748,3684,3735,521743,1552641
2018.10.25,3720,3735,3683,3708,490542,1470145
2018.10.26,3723,3732,3641,3645,558719,1764600
2018.10.29,3595,3723,3581,3721,712302,2225127
2018.10.30,3691,3737,3678,3700,593714,1779493
2018.10.31,3697,3755,3697,3732,531534,1610292
2018.11.01,3708,3722,3688,3706,463173,1400224
2018.11.05,3701,3744,3699,3732,421438,1205945
2018.11.06,3733,3777,3733,3768,469520,1448986
2018.11.07,3743,3794,3729,3739,538480,1726712
2018.11.08,3747,3769,3722,3765,478093,1434100
2018.11.09,3776,3781,3731,3739,448457,1274155
2018.11.12,3751,3775,3742,3769,342123,943935
2018.11.13,3762,3837,3759,3810,545816,1679031
2018.11.14,3802,3824,3771,3788,572477,1625154
2018.11.16,3778,3787,3734,3747,454533,1320081
2018.11.19,3749,3775,3745,3760,399518,1150188
2018.11.21,3772,3805,3769,3799,453677,1365764
2018.11.22,3792,3827,3791,3803,343676,1055702
2018.11.23,3815,3834,3796,3830,373530,1121136
2018.11.26,3820,3950,3818,3943,540255,1819398
2018.11.27,3918,3927,3863,3878,502067,1474816
2018.11.28,3882,3888,3832,3850,534588,1548092
2018.11.29,3843,3874,3833,3852,458592,1322246
2018.11.30,3863,3893,3843,3867,461754,1352314
2018.12.03,3827,3850,3820,3845,445074,1300802
2018.12.04,3832,3871,3821,3857,458716,1385404
2018.12.05,3850,3887,3838,3873,371071,1106881
2018.12.06,3895,3947,3877,3882,558163,1695257
2018.12.07,3883,3928,3861,3911,506409,1476987
2018.12.10,3908,3948,3894,3922,512371,1513891
2018.12.11,3907,3926,3892,3905,443595,1269373
2018.12.12,3895,3902,3839,3858,491125,1434379
2018.12.13,3860,3901,3854,3894,432381,1327769
2018.12.14,3914,3923,3891,3917,374792,1122533
2018.12.17,3911,3930,3880,3901,397105,1177824
2018.12.18,3898,3918,3885,3914,404753,1224580
2018.12.19,3902,3914,3865,3897,425041,1311890
2018.12.20,3870,3876,3834,3842,404727,1273466
2018.12.21,3856,3907,3845,3903,398718,1242554
2018.12.26,3899,3938,3892,3919,334259,1017206
2018.12.27,3924,3940,3869,3874,391740,1252128
2018.12.28,3880,3902,3836,3883,264027,780854
2019.01.02,3890,3904,3779,3791,390831,1267470
2019.01.03,3804,3816,3745,3764,426635,1255482
2019.01.04,3751,3792,3715,3722,445125,1331650
2019.01.07,3722,3744,3696,3742,400331,1265547
2019.01.08,3746,3748,3709,3718,401582,1231465
2019.01.09,3711,3716,3680,3691,388004,1188116
2019.01.10,3695,3731,3679,3716,411702,1326367
2019.01.11,3700,3734,3696,3716,366740,1163572
2019.01.14,3724,3738,3687,3703,388227,1283387
2019.01.15,3706,3735,3698,3720,428950,1398735
2019.01.16,3718,3740,3711,3738,391034,1284618
2019.01.17,3737,3777,3729,3751,472124,1686996
2019.01.18,3748,3775,3729,3755,416327,1429633
2019.01.21,3761,3782,3755,3757,217487,697709
2019.01.22,3768,3819,3748,3818,445888,1586847
2019.01.23,3802,3814,3758,3769,447346,1604892
2019.01.24,3773,3796,3739,3775,448832,1605941
2019.01.28,3780,3788,3752,3762,392932,1343132
2019.01.29,3766,3767,3716,3720,372279,1295532
2019.01.30,3716,3732,3673,3684,433570,1498989
2019.01.31,3685,3689,3644,3651,427491,1480044
2019.02.01,3660,3688,3644,3665,412290,1380827
2019.02.04,3672,3694,3666,3675,354033,1216742
2019.02.05,3671,3690,3666,3674,334706,1093060
2019.02.06,3686,3721,3686,3703,385154,1353989
2019.02.07,3711,3743,3706,3724,438241,1539750
2019.02.08,3723,3754,3709,3736,396075,1429394
2019.02.11,3738,3780,3733,3761,387784,1391126
2019.02.12,3750,3752,3707,3715,379656,1416935
2019.02.13,3719,3767,3717,3760,385278,1391702
2019.02.14,3756,3799,3719,3727,472141,1705710
2019.02.15,3720,3730,3702,3704,351410,1230062
2019.02.18,3720,3745,3714,3737,242621,774734
2019.02.19,3740,3747,3706,3725,365716,1225299
2019.02.20,3723,3739,3693,3728,417148,1517251
2019.02.21,3721,3774,3718,3772,400979,1510179
2019.02.22,3759,3767,3728,3750,325217,1210837
2019.02.25,3730,3752,3720,3752,307936,1133949
2019.02.26,3754,3767,3739,3744,417283,1565116
2019.02.27,3744,3747,3722,3728,367610,1424638
2019.02.28,3743,3765,3724,3759,414408,1643644
2019.03.01,3757,3802,3752,3781,379149,1592653
2019.03.06,3801,3851,3787,3847,218412,940629
2019.03.07,3845,3909,3823,3877,478846,2021936
2019.03.08,3873,3909,3856,3874,394722,1511740
2019.03.11,3860,3865,3839,3845,345448,1284577
2019.03.12,3848,3850,3807,3817,347636,1357203
2019.03.13,3809,3839,3805,3819,392768,1542153
2019.03.14,3826,3859,3821,3847,345337,1281890
2019.03.15,3841,3875,3811,3816,378617,1392966
2019.03.18,3810,3830,3787,3794,371809,1321425
2019.03.19,3789,3802,3767,3792,386940,1433808
2019.03.20,3788,3801,3740,3777,445983,1602756
2019.03.21,3787,3839,3765,3795,513510,1891740
2019.03.22,3865,3918,3855,3908,555158,1858062
2019.03.25,3933,3939,3845,3851,469379,1656465
2019.03.26,3852,3881,3835,3878,439837,1547718
2019.03.27,3921,4003,3905,3994,568899,2031850
2019.03.28,3992,4018,3899,3901,577264,1744328
2019.03.29,3886,3942,3876,3930,431888,1237117
2019.04.01,3900,3901,3857,3860,268297,903621
2019.04.02,3860,3887,3856,3861,389214,1221379
2019.04.03,3842,3889,3841,3877,352969,1108529
2019.04.04,3877,3895,3855,3861,373990,1180951
2019.04.05,3863,3884,3850,3879,327693,1025388
2019.04.08,3874,3884,3849,3856,306660,1004395
2019.04.09,3859,3870,3853,3856,300248,1000182
2019.04.10,3843,3853,3820,3831,313363,1031584
2019.04.11,3842,3868,3836,3863,297137,990902
2019.04.12,3884,3912,3864,3886,360440,1258681
2019.04.15,3884,3895,3863,3876,338183,1231402
2019.04.16,3880,3911,3879,3907,336190,1196663
2019.04.17,3892,3952,3890,3942,396551,1495528
2019.04.18,3926,3955,3907,3925,321733,1124266
2019.04.22,3928,3942,3916,3939,230096,796818
2019.04.23,3933,3966,3915,3923,357018,1292685
2019.04.24,3922,3997,3920,3994,414273,1563470
2019.04.25,4002,4008,3949,3953,367339,1295767
2019.04.26,3958,3977,3921,3930,315838,1103878
2019.04.29,3929,3947,3922,3947,264341,925527
2019.04.30,3940,3967,3923,3931,302328,1093982
2019.05.02,3944,3982,3937,3978,318825,1200623
2019.05.03,3972,3978,3941,3949,301989,1112732
2019.05.06,3973,3984,3957,3976,295324,1023903
2019.05.07,3974,4010,3973,3979,393093,1467443
2019.05.08,3987,3988,3934,3937,370922,1375476
2019.05.09,3951,3990,3940,3955,415826,1601863
2019.05.10,3954,3981,3940,3960,409981,1535145
2019.05.13,3984,4014,3980,4004,444489,1538053
2019.05.14,3995,4002,3973,3982,378072,1330367
2019.05.15,4007,4028,3981,4010,447532,1648431
2019.05.16,4009,4062,4001,4054,429401,1576902
2019.05.17,4062,4119,4054,4106,538826,2001966
2019.05.20,4092,4127,4083,4103,460112,1602392
2019.05.21,4097,4118,4038,4044,444473,1663533
2019.05.22,4046,4055,4011,4044,396442,1475798
2019.05.23,4062,4074,4028,4044,399424,1526637
2019.05.24,4042,4050,4011,4027,362785,1345176
2019.05.27,4017,4046,4007,4045,212814,748526
2019.05.28,4041,4055,4012,4025,373827,1445850
2019.05.29,4040,4042,3969,3975,366396,1485555
2019.05.30,3975,3994,3955,3983,356148,1282552
2019.05.31,4007,4008,3919,3935,419746,1599361
2019.06.03,3942,3944,3891,3895,343439,1378805
2019.06.04,3897,3897,3857,3863,378703,1416448
2019.06.05,3866,3910,3845,3889,447444,1732294
2019.06.06,3881,3895,3864,3887,391038,1361249
2019.06.07,3887,3892,3856,3885,324687,1149155
2019.06.10,3900,3905,3873,3895,301347,1037158
2019.06.11,3885,3890,3848,3863,297336,1103657
2019.06.12,3870,3877,3835,3871,367487,1440602
2019.06.13,3855,3869,3839,3853,319415,1228671
2019.06.14,3860,3917,3852,3899,419811,1681994
2019.06.17,3897,3928,3884,3892,353807,1380980
2019.06.18,3878,3881,3852,3863,307215,1155924
2019.06.19,3870,3887,3841,3842,339445,1419429
2019.06.21,3833,3848,3816,3824,299290,1065919
2019.06.24,3832,3839,3809,3826,306448,1166419
2019.06.25,3829,3858,3820,3847,368710,1434257
2019.06.26,3837,3857,3833,3844,325890,1233776
2019.06.27,3863,3873,3819,3820,325538,1276793
2019.06.28,3830,3862,3828,3862,250488,972947
2019.07.01,3845,3859,3820,3853,285949,1127247
2019.07.02,3851,3890,3828,3854,435035,1803472
2019.07.03,3876,3884,3825,3836,362620,1361886
2019.07.04,3811,3817,3793,3810,244638,890024
2019.07.05,3808,3846,3805,3830,297354,1202485
2019.07.08,3826,3826,3807,3810,218895,894731
2019.07.10,3796,3798,3757,3759,346006,1526720
2019.07.11,3744,3773,3741,3761,337048,1541848
2019.07.12,3765,3769,3736,3742,296745,1315474
2019.07.15,3738,3765,3734,3762,224285,965770
2019.07.16,3758,3776,3757,3774,264109,1124671
2019.07.17,3770,3772,3759,3768,201315,933326
2019.07.18,3764,3768,3721,3722,247949,1248086
2019.07.19,3736,3757,3735,3750,245683,1153299
2019.07.22,3747,3751,3733,3744,186287,760798
2019.07.23,3745,3782,3744,3776,270795,1270064
2019.07.24,3768,3780,3754,3775,220228,986379
2019.07.25,3766,3808,3757,3780,321832,1476919
2019.07.26,3778,3796,3761,3777,254629,1071034
2019.07.29,3786,3802,3778,3783,229842,947205
2019.07.30,3786,3799,3776,3792,250549,1093972
2019.07.31,3791,3832,3757,3823,453809,2018340
2019.08.01,3836,3870,3820,3850,411677,1557822
2019.08.02,3860,3902,3857,3895,377359,1551014
2019.08.05,3932,3988,3922,3984,395754,1581242
2019.08.06,3951,3994,3945,3969,389830,1559175
2019.08.07,3951,4000,3951,3976,415379,1700720
2019.08.08,3966,3975,3926,3928,371631,1494824
2019.08.09,3939,3957,3930,3949,353272,1392292
2019.08.12,4000,4020,3982,3992,368364,1487301
2019.08.13,3995,4019,3952,3970,476155,1984121
2019.08.14,4001,4060,3993,4058,455268,1928064
2019.08.15,4024,4050,3986,3998,505742,2119239
2019.08.16,3986,4013,3981,4011,338275,1361093
2019.08.19,4001,4081,3996,4079,458987,1889380
2019.08.20,4068,4079,4030,4058,445131,1706946
2019.08.21,4032,4042,4018,4029,394603,1585683
2019.08.22,4035,4084,4020,4073,430785,1719321
2019.08.23,4072,4133,4053,4123,585141,2336786
2019.08.26,4108,4170,4103,4157,461040,1820515
2019.08.27,4152,4195,4121,4130,565272,2027877
2019.08.28,4142,4170,4131,4169,403910,1461634
2019.08.29,4164,4178,4143,4171,414335,1479860
2019.08.30,4156,4172,4129,4148,375978,1358872
2019.09.02,4149,4198,4148,4194,234928,850091
2019.09.03,4185,4193,4158,4175,363236,1364260
2019.09.04,4144,4160,4096,4101,335709,1264216
2019.09.05,4092,4122,4076,4116,349576,1310659
2019.09.06,4100,4103,4061,4068,318663,1186051
2019.09.09,4054,4110,4053,4101,323577,1216069
2019.09.10,4099,4135,4084,4087,404346,1573572
2019.09.11,4098,4099,4057,4072,371041,1395449
2019.09.12,4050,4076,4032,4065,405097,1565173
2019.09.13,4051,4099,4046,4089,348823,1298554
2019.09.16,4097,4110,4079,4084,312171,1123336
2019.09.17,4094,4120,4075,4080,374297,1378586
2019.09.18,4081,4117,4075,4114,391130,1512267
2019.09.19,4134,4171,4128,4171,375572,1435316
2019.09.20,4167,4186,4148,4151,366572,1466634
2019.09.23,4148,4187,4146,4166,293695,1146944
2019.09.24,4154,4186,4153,4165,333987,1305831
2019.09.25,4186,4195,4146,4149,340896,1351387
2019.09.26,4149,4174,4123,4172,355244,1398457
2019.09.27,4165,4168,4146,4156,283138,1112868
2019.09.30,4166,4181,4151,4163,247896,975275
2019.10.01,4173,4194,4162,4166,327113,1318072
2019.10.02,4185,4186,4136,4137,360041,1429640
2019.10.03,4137,4139,4083,4093,358693,1461300
2019.10.04,4089,4095,4058,4065,299712,1118143
2019.10.07,4076,4117,4066,4115,314771,1270369
2019.10.08,4119,4120,4080,4102,343225,1300409
2019.10.09,4084,4117,4077,4116,297887,1121828
2019.10.10,4107,4143,4096,4116,405934,1624571
2019.10.11,4098,4132,4086,4111,372351,1367833
2019.10.14,4117,4143,4114,4132,258288,912424
2019.10.15,4128,4187,4127,4185,309441,1174295
2019.10.16,4179,4192,4152,4157,327432,1171763
2019.10.17,4149,4186,4132,4168,398412,1510251
2019.10.18,4162,4168,4115,4118,350018,1336590
2019.10.21,4123,4156,4121,4134,310254,1127232
2019.10.22,4131,4132,4065,4084,392950,1452826
2019.10.23,4087,4095,4032,4037,386565,1414235
2019.10.24,4032,4047,4001,4042,401148,1476362
2019.10.25,4027,4035,3994,4006,333802,1260731
2019.10.28,4007,4011,3974,3992,310770,1114063
2019.10.29,3994,4007,3984,4000,347797,1287704
2019.10.30,4005,4032,3982,3992,414008,1655671
2019.10.31,3982,4045,3972,4024,424788,1642436
2019.11.01,4013,4017,3977,3997,351318,1400944
2019.11.04,3985,4026,3982,4020,337022,1226207
2019.11.05,4007,4030,3990,4000,396360,1475739
2019.11.06,4000,4094,3983,4087,494763,1813447
2019.11.07,4060,4110,4048,4107,501456,1861653
2019.11.08,4123,4176,4114,4170,415124,1601343
2019.11.11,4165,4177,4141,4159,361463,1293804
2019.11.12,4151,4193,4148,4174,423257,1538967
2019.11.13,4180,4195,4168,4177,405674,1521961
2019.11.14,4178,4204,4168,4200,354932,1393507
2019.11.18,4180,4225,4174,4225,313605,1245373
2019.11.19,4212,4223,4191,4198,399353,1526991
2019.11.21,4206,4227,4187,4198,462958,1770544
2019.11.22,4198,4204,4176,4200,357763,1343409
2019.11.25,4196,4234,4191,4229,344996,1393497
2019.11.26,4248,4278,4229,4234,505967,1914798
2019.11.27,4229,4272,4228,4265,383787,1537236
2019.11.28,4253,4262,4187,4190,328241,1121800
2019.11.29,4204,4252,4189,4244,362197,1444878
2019.12.02,4258,4260,4215,4230,347423,1260968
2019.12.03,4217,4220,4192,4212,404732,1614166
2019.12.04,4199,4216,4188,4213,349917,1336021
2019.12.05,4207,4228,4182,4189,391703,1605962
2019.12.06,4185,4199,4139,4146,373687,1468968
2019.12.09,4149,4165,4129,4146,349030,1311717
2019.12.10,4142,4155,4137,4151,293071,1140533
2019.12.11,4144,4147,4112,4127,381139,1598610
2019.12.12,4117,4134,4085,4093,437315,1697834
2019.12.13,4085,4120,4077,4111,417722,1646451
2019.12.16,4103,4105,4056,4063,328516,1340652
2019.12.17,4062,4079,4052,4070,321509,1261113
2019.12.18,4072,4077,4046,4064,314464,1247711
2019.12.19,4066,4072,4052,4071,269182,1054031
2019.12.20,4071,4105,4059,4105,293611,1172546
2019.12.23,4092,4097,4058,4084,249057,1005850
2019.12.26,4076,4084,4046,4056,229823,848194
2019.12.27,4047,4061,4035,4044,230191,863258
2019.12.30,4041,4051,4014,4025,162200,602273
2020.01.02,4017,4046,4009,4031,275245,1058201
2020.01.03,4066,4076,4038,4063,295407,1057511
2020.01.06,4062,4081,4053,4068,296979,1171097
2020.01.07,4066,4099,4061,4075,352187,1378842
2020.01.08,4067,4084,4046,4069,385724,1498060
2020.01.09,4063,4100,4063,4099,345105,1317305
2020.01.10,4089,4110,4067,4101,335834,1344742
2020.01.13,4094,4152,4094,4152,384501,1509503
2020.01.14,4148,4166,4127,4138,376048,1484710
2020.01.15,4151,4190,4143,4180,426546,1592384
2020.01.16,4174,4205,4164,4189,376197,1408937
2020.01.17,4180,4197,4163,4166,355740,1302219
2020.01.20,4169,4195,4167,4195,185344,656895
2020.01.21,4202,4221,4186,4216,400516,1497317
2020.01.22,4203,4208,4176,4185,295574,1149610
2020.01.23,4190,4193,4159,4173,358553,1427541
2020.01.24,4170,4194,4168,4184,311588,1242885
2020.01.27,4214,4233,4201,4209,341598,1320596
2020.01.28,4205,4218,4189,4195,352362,1347976
2020.01.29,4199,4235,4183,4232,366403,1460292
2020.01.30,4246,4273,4239,4245,392824,1680905
2020.01.31,4266,4296,4253,4289,361693,1448683
2020.02.03,4277,4279,4237,4254,318423,1279996
2020.02.04,4239,4268,4230,4261,350632,1386029
2020.02.05,4253,4266,4233,4241,345641,1393414
2020.02.06,4223,4292,4214,4288,479053,2019939
2020.02.07,4301,4329,4292,4327,408317,1645707